user_id,month,tenure_months,sessions,watchtime,failed_payments,plan_price,sessions_lag1,watchtime_lag1,sessions_roll2,watchtime_roll2,sessions_trend,watchtime_trend
20,6,14,6,410.550763392056,0,12,1,95.38280921606656,1,109.89257247996144,5,300.6581909120946
276,6,6,6,304.4368617703259,0,12,1,120.88887306447931,1,31.329557820683632,5,273.10730394964224
776,6,14,3,293.17234741998817,0,12,3,293.17234741998817,1,146.58617370999409,2,146.58617370999409
508,6,10,3,227.05956908819832,0,12,3,227.05956908819832,1,113.52978454409916,2,113.52978454409916
156,6,6,3,185.8462399755233,0,12,3,185.8462399755233,1,92.92311998776165,2,92.92311998776165
772,6,10,3,300.39982377957887,0,12,3,300.39982377957887,1,150.19991188978943,2,150.19991188978943
40,6,10,3,226.5435929520732,0,12,3,226.5435929520732,1,113.2717964760366,2,113.2717964760366
32,6,14,3,333.1814916403619,0,12,3,333.1814916403619,1,166.59074582018096,2,166.59074582018096
960,6,6,3,165.29897272703602,0,12,3,165.29897272703602,1,82.64948636351801,2,82.64948636351801
392,6,14,3,227.9572913392174,0,12,3,227.9572913392174,1,113.9786456696087,2,113.9786456696087
484,6,10,3,286.4551633384021,0,12,3,286.4551633384021,1,143.22758166920104,2,143.22758166920104
748,6,10,6,569.7707293539024,0,12,1,184.91681997365495,1,99.96854470329625,5,469.8021846506062
556,6,10,6,441.95355979212195,0,12,1,115.78971463995282,1,105.18706525610814,5,336.7664945360138
472,6,10,3,211.217748376641,0,12,3,211.217748376641,1,105.6088741883205,2,105.6088741883205
224,6,14,9,579.3219837361496,0,12,2,199.54530742568528,1,90.1156844423895,8,489.20629929376014
648,6,6,3,152.29873637749157,0,12,3,152.29873637749157,1,76.14936818874578,2,76.14936818874578
612,6,6,6,645.7954442349908,0,12,1,160.19947522810529,1,162.69824688939008,5,483.0971973456007
80,6,14,3,234.84975593592264,0,12,3,234.84975593592264,1,117.42487796796132,2,117.42487796796132
400,6,10,6,538.43830136636,1,12,1,92.43223158143019,1,176.7869191017498,5,361.65138226461016
608,6,14,3,394.7071840742495,0,12,3,394.7071840742495,1,197.35359203712474,2,197.35359203712474
880,6,10,9,858.3290417949909,0,12,2,276.53045607793183,1,152.6340648195636,8,705.6949769754273
8,6,14,3,252.19366898074077,0,12,3,252.19366898074077,1,126.09683449037038,2,126.09683449037038
860,6,14,3,182.85188655789057,0,12,3,182.85188655789057,1,91.42594327894528,2,91.42594327894528
680,6,14,3,346.00845292113604,0,12,3,346.00845292113604,1,173.00422646056802,2,173.00422646056802
828,6,6,3,358.3879020158842,0,12,3,358.3879020158842,1,179.1939510079421,2,179.1939510079421
792,6,6,3,148.182402174,0,12,3,148.182402174,1,74.091201087,2,74.091201087
684,6,6,3,226.775230835715,0,12,3,226.775230835715,1,113.3876154178575,2,113.3876154178575
664,6,10,6,562.6098461114261,0,12,1,103.48953547239574,1,177.81538758331735,5,384.79445852810875
4,6,10,3,208.68785503345345,0,12,3,208.68785503345345,1,104.34392751672672,2,104.34392751672672
740,6,14,3,229.14260941454143,0,12,3,229.14260941454143,1,114.57130470727071,2,114.57130470727071
696,6,6,3,295.9273905487991,0,12,3,295.9273905487991,1,147.96369527439956,2,147.96369527439956
284,6,14,3,287.30528935423854,0,12,3,287.30528935423854,1,143.65264467711927,2,143.65264467711927
688,6,10,3,210.57897738775785,0,12,3,210.57897738775785,1,105.28948869387892,2,105.28948869387892
872,6,14,3,213.9221487214809,0,12,3,213.9221487214809,1,106.96107436074045,2,106.96107436074045
728,6,14,3,500.3188100870085,0,12,3,500.3188100870085,1,250.15940504350425,2,250.15940504350425
68,6,14,6,399.6554572790915,0,12,1,119.42877809179622,1,80.39895054774954,5,319.2565067313419
24,6,6,6,357.1320812904743,0,12,1,106.29644527077416,1,72.26959537446297,5,284.86248591601134
692,6,14,9,726.9607231242412,0,12,2,305.2589413063793,1,58.2214202557413,8,668.7393028684999
832,6,10,6,604.9150325225028,0,12,1,131.59531246148504,1,170.86220379976635,5,434.0528287227364
300,6,6,6,561.4722497283219,1,12,1,112.51100174604744,1,168.2251231181135,5,393.2471266102084
972,6,6,6,439.07216413014936,0,12,1,98.02967273835718,1,121.5064093267175,5,317.56575480343184
408,6,6,3,43.26453103371614,0,12,3,43.26453103371614,1,21.63226551685807,2,21.63226551685807
440,6,14,3,154.69428174080252,0,12,3,154.69428174080252,1,77.34714087040126,2,77.34714087040126
232,6,10,6,504.9396490196128,0,12,1,84.11054674554777,1,168.35927776425862,5,336.5803712553542
928,6,10,3,118.83401249470099,0,12,3,118.83401249470099,1,59.41700624735049,2,59.41700624735049
908,6,14,9,693.8491348435377,0,12,2,204.8830753320674,1,142.0414920897015,8,551.8076427538363
252,6,6,3,374.7747971684497,0,12,3,374.7747971684497,1,187.38739858422485,2,187.38739858422485
920,6,14,3,101.57477516606576,0,12,3,101.57477516606576,1,50.78738758303288,2,50.78738758303288
800,6,14,3,255.1667936128471,1,12,3,255.1667936128471,1,127.58339680642355,2,127.58339680642355
404,6,14,6,490.68819111200366,0,12,1,130.37557235998776,1,114.96852319601408,5,375.7196679159896
0,6,6,6,507.2324438117582,1,12,1,65.25639537832572,1,188.35982652755337,5,318.8726172842048
388,6,10,3,332.2596149142765,0,12,3,332.2596149142765,1,166.12980745713824,2,166.12980745713824
60,6,6,3,241.20515052631958,0,12,3,241.20515052631958,1,120.60257526315979,2,120.60257526315979
512,6,14,6,439.16257505850024,0,12,1,151.4413582284833,1,68.13992930076684,5,371.0226457577334
944,6,14,3,217.02879220612917,0,12,3,217.02879220612917,1,108.51439610306458,2,108.51439610306458
812,6,14,3,236.66991725704608,0,12,3,236.66991725704608,1,118.33495862852304,2,118.33495862852304
984,6,6,3,260.7937175308583,0,12,3,260.7937175308583,1,130.39685876542916,2,130.39685876542916
272,6,14,3,136.71711432815079,0,12,3,136.71711432815079,1,68.35855716407539,2,68.35855716407539
288,6,6,6,488.2946112682962,0,12,1,95.31638366852499,1,148.8309219656231,5,339.46368930267306
844,6,10,3,240.863853184776,0,12,3,240.863853184776,1,120.431926592388,2,120.431926592388
672,6,6,6,575.2580267021758,0,12,1,202.6817600700552,1,84.94725328103274,5,490.31077342114304
12,6,6,3,431.19026177746593,0,12,3,431.19026177746593,1,215.59513088873297,2,215.59513088873297
816,6,6,6,453.95782062465986,0,12,1,97.61032101086911,1,129.36858930146082,5,324.58923132319904
884,6,14,3,360.4020091728657,0,12,3,360.4020091728657,1,180.20100458643284,2,180.20100458643284
136,6,10,3,293.448076140537,0,12,3,293.448076140537,1,146.7240380702685,2,146.7240380702685
724,6,10,6,430.0301723582808,0,12,1,146.13598951659546,1,68.87909666254495,5,361.15107569573587
992,6,14,6,538.3028464965535,0,12,1,180.43212872458105,1,88.71929452369571,5,449.5835519728578
260,6,14,3,353.1401010089931,0,12,3,353.1401010089931,1,176.57005050449655,2,176.57005050449655
660,6,6,3,281.9162133686235,0,12,3,281.9162133686235,1,140.95810668431176,2,140.95810668431176
308,6,14,6,380.62713513147594,0,12,1,79.5158249895933,1,110.79774257614469,5,269.82939255533125
536,6,14,3,107.61146625073846,0,12,3,107.61146625073846,1,53.80573312536923,2,53.80573312536923
528,6,6,3,174.52206263660872,0,12,3,174.52206263660872,1,87.26103131830436,2,87.26103131830436
500,6,14,6,510.18267551035694,1,12,1,163.21839476021398,1,91.8729429949645,5,418.30973251539245
428,6,14,3,196.25128470076862,0,12,3,196.25128470076862,1,98.12564235038431,2,98.12564235038431
924,6,6,3,210.28473072033668,0,12,3,210.28473072033668,1,105.14236536016834,2,105.14236536016834
468,6,6,3,159.4328508554991,0,12,3,159.4328508554991,1,79.71642542774956,2,79.71642542774956
896,6,14,3,140.6799015240702,0,12,3,140.6799015240702,1,70.3399507620351,2,70.3399507620351
52,6,10,3,317.74581521381884,0,12,3,317.74581521381884,1,158.87290760690942,2,158.87290760690942
236,6,14,3,103.18652858746995,0,12,3,103.18652858746995,1,51.593264293734975,2,51.593264293734975
200,6,14,3,136.924209619414,1,12,3,136.924209619414,1,68.462104809707,2,68.462104809707
676,6,10,3,202.46818238440522,0,12,3,202.46818238440522,1,101.23409119220261,2,101.23409119220261
820,6,10,3,227.3518807943841,0,12,3,227.3518807943841,1,113.67594039719205,2,113.67594039719205
476,6,14,6,427.59092688002704,0,12,1,121.13273504521845,1,92.66272839479508,5,334.928198485232
492,6,6,6,616.2714037650512,0,12,1,123.29135957101697,1,184.84434231150863,5,431.4270614535426
576,6,6,3,215.9711609529097,0,12,3,215.9711609529097,1,107.98558047645486,2,107.98558047645486
516,6,6,3,210.12805852987444,0,12,3,210.12805852987444,1,105.06402926493722,2,105.06402926493722
144,6,6,3,195.82215645752228,0,12,3,195.82215645752228,1,97.91107822876114,2,97.91107822876114
88,6,10,3,172.79119371333292,0,12,3,172.79119371333292,1,86.39559685666646,2,86.39559685666646
616,6,10,3,253.17582619497125,0,12,3,253.17582619497125,1,126.58791309748563,2,126.58791309748563
592,6,10,3,257.9030361311119,0,12,3,257.9030361311119,1,128.95151806555594,2,128.95151806555594
524,6,14,3,241.97136787428673,0,12,3,241.97136787428673,1,120.98568393714336,2,120.98568393714336
380,6,14,6,501.255185392446,0,12,1,135.08847500258082,1,115.53911769364217,5,385.71606769880384
28,6,10,3,229.51692744008034,0,12,3,229.51692744008034,1,114.75846372004017,2,114.75846372004017
796,6,10,3,329.74825515414784,0,12,3,329.74825515414784,1,164.87412757707392,2,164.87412757707392
152,6,14,3,279.3123653615598,0,12,3,279.3123653615598,1,139.6561826807799,2,139.6561826807799
588,6,6,3,159.87039920840675,0,12,3,159.87039920840675,1,79.93519960420338,2,79.93519960420338
304,6,10,3,204.40133429009123,0,12,3,204.40133429009123,1,102.20066714504561,2,102.20066714504561
316,6,10,3,244.77042959361393,0,12,3,244.77042959361393,1,122.38521479680696,2,122.38521479680696
292,6,10,3,54.02565820108248,0,12,3,54.02565820108248,1,27.01282910054124,2,27.01282910054124
552,6,6,3,227.46156814219793,0,12,3,227.46156814219793,1,113.73078407109897,2,113.73078407109897
228,6,6,3,377.34123842515095,0,12,3,377.34123842515095,1,188.67061921257547,2,188.67061921257547
996,6,6,3,296.5769346409906,0,12,3,296.5769346409906,1,148.2884673204953,2,148.2884673204953
756,6,6,3,255.27502006186526,0,12,3,255.27502006186526,1,127.63751003093263,2,127.63751003093263
340,6,10,3,280.4341717299854,0,12,3,280.4341717299854,1,140.2170858649927,2,140.2170858649927
584,6,14,3,219.04268509451578,0,12,3,219.04268509451578,1,109.52134254725789,2,109.52134254725789
916,6,10,3,108.50074275295538,0,12,3,108.50074275295538,1,54.25037137647769,2,54.25037137647769
604,6,10,3,188.88306018483982,0,12,3,188.88306018483982,1,94.44153009241991,2,94.44153009241991
84,6,6,3,40.04754281011415,0,12,3,40.04754281011415,1,20.023771405057076,2,20.023771405057076
628,6,10,3,423.27540580725935,0,12,3,423.27540580725935,1,211.63770290362967,2,211.63770290362967
892,6,10,3,217.54599385065808,0,12,3,217.54599385065808,1,108.77299692532904,2,108.77299692532904
372,6,6,3,317.67205855474475,0,12,3,317.67205855474475,1,158.83602927737238,2,158.83602927737238
140,6,14,3,243.90880562605633,0,12,3,243.90880562605633,1,121.95440281302817,2,121.95440281302817
904,6,10,3,243.24733529631058,0,12,3,243.24733529631058,1,121.62366764815529,2,121.62366764815529
48,6,6,3,182.5274187544642,0,12,3,182.5274187544642,1,91.2637093772321,2,91.2637093772321
580,6,10,3,290.7021504745679,0,12,3,290.7021504745679,1,145.35107523728394,2,145.35107523728394
968,6,14,3,232.9374361318996,0,12,3,232.9374361318996,1,116.4687180659498,2,116.4687180659498
424,6,10,3,183.09611001915698,0,12,3,183.09611001915698,1,91.54805500957849,2,91.54805500957849
780,6,6,3,258.7028729432598,0,12,3,258.7028729432598,1,129.3514364716299,2,129.3514364716299
661,6,7,9,689.0219549111835,0,12,2,175.527599950546,1,168.98337750504572,8,520.0385774061377
385,6,7,12,1067.8860771438558,0,12,3,446.5952549341218,2,271.2322925386386,10,796.6537846052172
957,6,15,3,226.89063068041838,0,12,3,226.89063068041838,1,113.44531534020919,2,113.44531534020919
897,6,15,3,158.27582442595218,0,12,3,158.27582442595218,1,79.13791221297609,2,79.13791221297609
1,6,7,3,142.3325080023182,0,12,3,142.3325080023182,1,71.1662540011591,2,71.1662540011591
565,6,7,3,257.491065284309,0,12,3,257.491065284309,1,128.7455326421545,2,128.7455326421545
461,6,11,3,230.74813740894075,0,12,3,230.74813740894075,1,115.37406870447037,2,115.37406870447037
725,6,11,6,633.488547936641,1,12,1,189.06065874301456,1,127.68361522530597,5,505.804932711335
397,6,7,3,302.73665501231505,0,12,3,302.73665501231505,1,151.36832750615753,2,151.36832750615753
797,6,11,3,178.0765655402797,0,12,3,178.0765655402797,1,89.03828277013984,2,89.03828277013984
709,6,7,3,158.47417717055438,0,12,3,158.47417717055438,1,79.23708858527719,2,79.23708858527719
373,6,7,6,399.13448446938855,0,12,1,36.33601321250943,1,163.23122902218486,5,235.9032554472037
829,6,7,3,341.09924246131095,0,12,3,341.09924246131095,1,170.54962123065548,2,170.54962123065548
729,6,15,3,397.96569575627893,0,12,3,397.96569575627893,1,198.98284787813947,2,198.98284787813947
297,6,15,3,124.5213318643009,0,12,3,124.5213318643009,1,62.26066593215045,2,62.26066593215045
877,6,7,3,323.94779138566923,0,12,3,323.94779138566923,1,161.97389569283462,2,161.97389569283462
21,6,15,3,233.83186324687168,0,12,3,233.83186324687168,1,116.91593162343584,2,116.91593162343584
437,6,11,3,267.2921579853315,0,12,3,267.2921579853315,1,133.64607899266576,2,133.64607899266576
681,6,15,6,669.9654396552226,0,12,1,191.15697375543846,1,143.82574607217285,5,526.1396935830497
653,6,11,6,436.3089184392043,0,12,1,92.51299298669959,1,125.64146623290257,5,310.66745220630173
53,6,11,3,317.3113601577934,0,12,3,317.3113601577934,1,158.6556800788967,2,158.6556800788967
349,6,7,9,691.7561130295178,0,12,2,264.64604092730957,1,81.23201558744935,8,610.5240974420684
57,6,15,9,488.65039036898065,0,12,2,98.42287082394176,1,145.90232436054856,8,342.7480660084321
117,6,15,6,449.44469225407,0,12,1,106.27483743583608,1,118.44750869119893,5,330.99718356287104
789,6,15,3,246.9252651618044,0,12,3,246.9252651618044,1,123.4626325809022,2,123.4626325809022
733,6,7,6,594.4318987533572,0,12,1,107.02418209730402,1,190.19176727937457,5,404.2401314739827
905,6,11,3,281.9687200504407,0,12,3,281.9687200504407,1,140.98436002522035,2,140.98436002522035
441,6,15,3,394.6834103543993,0,12,3,394.6834103543993,1,197.34170517719966,2,197.34170517719966
689,6,11,6,404.27312753657793,0,12,1,129.079372048774,1,73.05719171951499,5,331.2159358170629
189,6,15,3,301.1582588260569,0,12,3,301.1582588260569,1,150.57912941302845,2,150.57912941302845
73,6,7,3,244.44577255551735,0,12,3,244.44577255551735,1,122.22288627775868,2,122.22288627775868
173,6,11,3,244.81863371912738,0,12,3,244.81863371912738,1,122.40931685956369,2,122.40931685956369
169,6,7,3,113.46768595083637,0,12,3,113.46768595083637,1,56.733842975418185,2,56.733842975418185
69,6,15,3,52.83227490852812,0,12,3,52.83227490852812,1,26.41613745426406,2,26.41613745426406
857,6,11,3,113.08291052589325,0,12,3,113.08291052589325,1,56.54145526294663,2,56.54145526294663
753,6,15,3,206.22582600392025,0,12,3,206.22582600392025,1,103.11291300196012,2,103.11291300196012
933,6,15,6,249.99040017616363,0,12,1,44.1301111926831,1,80.86508889539871,5,169.12531128076492
145,6,7,6,500.86341096291216,0,12,1,131.81910097692733,1,118.61260450452875,5,382.2508064583834
77,6,11,6,499.8423299838321,0,12,1,144.91399729389994,1,105.0071676980161,5,394.83516228581595
33,6,15,3,266.5851209583673,0,12,3,266.5851209583673,1,133.29256047918366,2,133.29256047918366
673,6,7,3,180.1210770754757,0,12,3,180.1210770754757,1,90.06053853773786,2,90.06053853773786
577,6,7,3,349.4905246025879,0,12,3,349.4905246025879,1,174.74526230129396,2,174.74526230129396
993,6,15,3,360.1885641676822,0,12,3,360.1885641676822,1,180.0942820838411,2,180.0942820838411
541,6,7,3,245.92758243358202,0,12,3,245.92758243358202,1,122.96379121679101,2,122.96379121679101
449,6,11,3,201.49293205762197,0,12,3,201.49293205762197,1,100.74646602881099,2,100.74646602881099
533,6,11,3,135.87173394064,0,12,3,135.87173394064,1,67.93586697032,2,67.93586697032
213,6,15,3,167.99074735408692,0,12,3,167.99074735408692,1,83.99537367704346,2,83.99537367704346
525,6,15,3,272.017517632563,1,12,3,272.017517632563,1,136.0087588162815,2,136.0087588162815
473,6,11,6,500.99710751544524,0,12,1,91.89795531519343,1,158.6005984425292,5,342.39650907291605
469,6,7,3,190.0786616889137,0,12,3,190.0786616889137,1,95.03933084445686,2,95.03933084445686
281,6,11,3,239.10180452962896,0,12,3,239.10180452962896,1,119.55090226481448,2,119.55090226481448
965,6,11,3,108.96047714292888,0,12,3,108.96047714292888,1,54.48023857146444,2,54.48023857146444
193,6,7,3,285.3404741535061,0,12,3,285.3404741535061,1,142.67023707675304,2,142.67023707675304
409,6,7,6,535.3732965467907,0,12,1,139.7826640856994,1,127.90398418769598,5,407.4693123590947
649,6,7,3,84.40485677034002,0,12,3,84.40485677034002,1,42.20242838517001,2,42.20242838517001
573,6,15,3,136.71004888410351,0,12,3,136.71004888410351,1,68.35502444205176,2,68.35502444205176
553,6,7,3,169.53090844093913,0,12,3,169.53090844093913,1,84.76545422046956,2,84.76545422046956
549,6,15,3,317.60622223309815,0,12,3,317.60622223309815,1,158.80311111654908,2,158.80311111654908
597,6,15,3,371.36769368859547,0,12,3,371.36769368859547,1,185.68384684429773,2,185.68384684429773
841,6,7,3,207.4444612902335,0,12,3,207.4444612902335,1,103.72223064511675,2,103.72223064511675
345,6,15,3,123.82367652232819,0,12,3,123.82367652232819,1,61.91183826116409,2,61.91183826116409
805,6,7,3,341.61004372605726,0,12,3,341.61004372605726,1,170.80502186302863,2,170.80502186302863
881,6,11,6,483.11304626697824,0,12,1,109.24445237780678,1,132.31207075568236,5,350.80097551129586
221,6,11,6,337.2654526284829,0,12,1,106.29249623678605,1,62.34023007745539,5,274.9252225510275
813,6,15,3,371.7117794143979,0,12,3,371.7117794143979,1,185.85588970719894,2,185.85588970719894
837,6,15,3,255.66762040781452,0,12,3,255.66762040781452,1,127.83381020390726,2,127.83381020390726
873,6,15,3,282.15499301054325,0,12,3,282.15499301054325,1,141.07749650527163,2,141.07749650527163
557,6,11,3,281.41272163752984,0,12,3,281.41272163752984,1,140.70636081876492,2,140.70636081876492
405,6,15,3,288.6053491465087,0,12,3,288.6053491465087,1,144.30267457325434,2,144.30267457325434
41,6,11,3,236.21882778967927,0,12,3,236.21882778967927,1,118.10941389483963,2,118.10941389483963
477,6,15,3,317.8043559701384,0,12,3,317.8043559701384,1,158.9021779850692,2,158.9021779850692
317,6,11,3,221.9003824793059,0,12,3,221.9003824793059,1,110.95019123965295,2,110.95019123965295
921,6,15,3,235.3676074129772,0,12,3,235.3676074129772,1,117.6838037064886,2,117.6838037064886
537,6,15,3,274.36945753060684,0,12,3,274.36945753060684,1,137.18472876530342,2,137.18472876530342
85,6,7,6,423.06200338596346,0,12,1,137.86558926068344,1,73.6654124322983,5,349.39659095366517
497,6,11,3,222.9382099227367,0,12,3,222.9382099227367,1,111.46910496136834,2,111.46910496136834
401,6,11,3,242.3804911596596,0,12,3,242.3804911596596,1,121.1902455798298,2,121.1902455798298
721,6,7,3,323.4836727429243,0,12,3,323.4836727429243,1,161.74183637146214,2,161.74183637146214
669,6,15,6,348.93232768483267,0,12,1,87.808523333587,1,86.65764050882933,5,262.27468717600334
81,6,15,3,242.2995858347854,0,12,3,242.2995858347854,1,121.1497929173927,2,121.1497929173927
413,6,11,3,257.5320262131151,0,12,3,257.5320262131151,1,128.76601310655755,2,128.76601310655755
277,6,7,3,204.28531083595774,0,12,3,204.28531083595774,1,102.14265541797887,2,102.14265541797887
209,6,11,3,195.28625221827292,0,12,3,195.28625221827292,1,97.64312610913646,2,97.64312610913646
381,6,15,3,292.0160942366929,0,12,3,292.0160942366929,1,146.00804711834644,2,146.00804711834644
677,6,11,3,384.07523463286526,0,12,3,384.07523463286526,1,192.03761731643263,2,192.03761731643263
121,6,7,3,200.52297469087873,0,12,3,200.52297469087873,1,100.26148734543936,2,100.26148734543936
369,6,15,3,188.2450577835541,0,12,3,188.2450577835541,1,94.12252889177705,2,94.12252889177705
749,6,11,3,324.3490838709763,0,12,3,324.3490838709763,1,162.17454193548815,2,162.17454193548815
913,6,7,3,280.4792887967628,0,12,3,280.4792887967628,1,140.2396443983814,2,140.2396443983814
713,6,11,3,207.01495050121105,0,12,3,207.01495050121105,1,103.50747525060552,2,103.50747525060552
561,6,15,3,366.4186069880657,0,12,3,366.4186069880657,1,183.20930349403284,2,183.20930349403284
417,6,15,3,168.9431395642202,0,12,3,168.9431395642202,1,84.4715697821101,2,84.4715697821101
777,6,15,3,226.92261306382343,0,12,3,226.92261306382343,1,113.46130653191172,2,113.46130653191172
333,6,15,3,243.5395083379019,0,12,3,243.5395083379019,1,121.76975416895095,2,121.76975416895095
969,6,15,3,293.47745036232885,0,12,3,293.47745036232885,1,146.73872518116443,2,146.73872518116443
481,6,7,3,301.4251135581118,0,12,3,301.4251135581118,1,150.7125567790559,2,150.7125567790559
821,6,11,3,250.04611627772337,0,12,3,250.04611627772337,1,125.02305813886169,2,125.02305813886169
941,6,11,3,362.7182496679653,0,12,3,362.7182496679653,1,181.35912483398266,2,181.35912483398266
105,6,15,3,160.829749074373,0,12,3,160.829749074373,1,80.4148745371865,2,80.4148745371865
885,6,15,3,193.68293958446634,0,12,3,193.68293958446634,1,96.84146979223317,2,96.84146979223317
361,6,7,3,245.09507149212928,0,12,3,245.09507149212928,1,122.54753574606464,2,122.54753574606464
769,6,7,3,446.3767470123455,0,12,3,446.3767470123455,1,223.18837350617275,2,223.18837350617275
102,6,12,6,385.0296045372585,0,12,1,141.74972641925194,1,50.76507584937731,5,334.2645286878812
466,6,16,3,79.12296882042978,0,12,3,79.12296882042978,1,39.56148441021489,2,39.56148441021489
510,6,12,9,715.0656858323146,0,12,2,231.56575250235989,1,125.96709041379742,8,589.0985954185171
566,6,8,3,330.7471412402035,0,12,3,330.7471412402035,1,165.37357062010176,2,165.37357062010176
646,6,16,3,231.62035613564547,0,12,3,231.62035613564547,1,115.81017806782273,2,115.81017806782273
166,6,16,15,1175.8685316281676,0,12,4,402.7984008889423,2,228.6116079179805,13,947.256923710187
34,6,16,6,507.5891812967185,0,12,1,152.90179648412754,1,100.89279416423172,5,406.6963871324868
878,6,8,3,132.26575221109232,0,12,3,132.26575221109232,1,66.13287610554616,2,66.13287610554616
498,6,12,3,311.54658640870093,0,12,3,311.54658640870093,1,155.77329320435047,2,155.77329320435047
406,6,16,3,316.0004316405744,0,12,3,316.0004316405744,1,158.0002158202872,2,158.0002158202872
690,6,12,9,456.3590460411744,0,12,2,108.32362458420994,1,119.85589843637726,8,336.50314760479716
742,6,16,3,383.5424674406869,0,12,3,383.5424674406869,1,191.77123372034345,2,191.77123372034345
854,6,8,3,267.5921868035783,0,12,3,267.5921868035783,1,133.79609340178914,2,133.79609340178914
770,6,8,9,704.0702589898106,0,12,2,225.23621337861294,1,126.79891611629233,8,577.2713428735183
954,6,12,6,531.341484026426,0,12,1,155.50046457665076,1,110.17027743656223,5,421.17120658986374
658,6,16,3,289.4112676408916,0,12,3,289.4112676408916,1,144.7056338204458,2,144.7056338204458
586,6,16,3,337.3656637584088,0,12,3,337.3656637584088,1,168.6828318792044,2,168.6828318792044
194,6,8,6,448.01107649826685,0,12,1,85.29435640082502,1,138.7111818483084,5,309.29989464995845
882,6,12,6,563.8180231556958,0,12,1,125.83447409713237,1,156.0745374807155,5,407.74348567498026
26,6,8,9,1010.6539722594529,0,12,2,359.6180757350247,1,145.70891039470175,8,864.9450618647511
190,6,16,3,191.25012992924692,0,12,3,191.25012992924692,1,95.62506496462346,2,95.62506496462346
322,6,16,3,174.91831224319813,0,12,3,174.91831224319813,1,87.45915612159907,2,87.45915612159907
638,6,8,3,351.1682262517273,0,12,3,351.1682262517273,1,175.58411312586364,2,175.58411312586364
866,6,8,3,181.36390919650214,0,12,3,181.36390919650214,1,90.68195459825107,2,90.68195459825107
902,6,8,3,255.62771780375783,0,12,3,255.62771780375783,1,127.81385890187892,2,127.81385890187892
470,6,8,6,477.221830785085,0,12,1,57.57771710250924,1,181.03319829003325,5,296.1886324950517
958,6,16,9,619.7789548014481,0,12,2,253.60922674199082,1,56.28025065873323,8,563.4987041427148
822,6,12,6,401.45749780581946,0,12,1,67.683428013225,1,133.04532088968472,5,268.41217691613474
434,6,8,3,192.56938140317163,0,12,3,192.56938140317163,1,96.28469070158582,2,96.28469070158582
758,6,8,3,267.5254505121618,0,12,3,267.5254505121618,1,133.7627252560809,2,133.7627252560809
426,6,12,6,498.59734563473114,0,12,1,109.16150951329045,1,140.1371633040751,5,358.46018233065604
834,6,12,6,396.30378060527465,0,12,1,74.20205919714394,1,123.94983110549339,5,272.35394949978127
606,6,12,6,294.9136201603572,0,12,1,124.41198314533686,1,23.044826934841737,5,271.86879322551545
726,6,12,6,453.66336291233085,0,12,1,102.79898456600336,1,124.03269689016209,5,329.6306660221688
114,6,12,3,342.55363042513613,0,12,3,342.55363042513613,1,171.27681521256807,2,171.27681521256807
278,6,8,6,379.1024480178701,0,12,1,75.5534474902361,1,113.99777651869893,5,265.10467149917116
698,6,8,3,207.09675274721485,0,12,3,207.09675274721485,1,103.54837637360743,2,103.54837637360743
934,6,16,6,667.9754488627013,0,12,1,192.5466630351563,1,141.44106139619433,5,526.534387466507
750,6,12,6,483.7098955701396,1,12,1,136.18331580470098,1,105.67163198036883,5,378.0382635897708
202,6,16,3,307.48592182242754,0,12,3,307.48592182242754,1,153.74296091121377,2,153.74296091121377
62,6,8,3,152.21233051466731,0,12,3,152.21233051466731,1,76.10616525733366,2,76.10616525733366
826,6,16,3,230.83681237979056,0,12,3,230.83681237979056,1,115.41840618989528,2,115.41840618989528
98,6,8,3,339.0253049578769,0,12,3,339.0253049578769,1,169.51265247893846,2,169.51265247893846
862,6,16,3,264.1878632265314,0,12,3,264.1878632265314,1,132.0939316132657,2,132.0939316132657
762,6,12,3,291.6300759668118,0,12,3,291.6300759668118,1,145.8150379834059,2,145.8150379834059
858,6,12,3,355.54710335854486,0,12,3,355.54710335854486,1,177.77355167927243,2,177.77355167927243
562,6,16,3,224.42637904980162,0,12,3,224.42637904980162,1,112.21318952490081,2,112.21318952490081
746,6,8,3,278.807528929062,0,12,3,278.807528929062,1,139.403764464531,2,139.403764464531
662,6,8,3,74.99794608706003,0,12,3,74.99794608706003,1,37.498973043530015,2,37.498973043530015
94,6,16,3,167.35567651436497,0,12,3,167.35567651436497,1,83.67783825718249,2,83.67783825718249
402,6,12,3,137.57670974117954,0,12,3,137.57670974117954,1,68.78835487058977,2,68.78835487058977
302,6,8,9,669.4654993999071,0,12,2,235.40862421554493,1,99.32412548440865,8,570.1413739154984
918,6,12,6,433.8540634679847,0,12,1,88.6195242474679,1,128.30750748652446,5,305.54655598146024
66,6,12,3,445.8659961688346,0,12,3,445.8659961688346,1,222.9329980844173,2,222.9329980844173
842,6,8,3,303.79873635826516,0,12,3,303.79873635826516,1,151.89936817913258,2,151.89936817913258
846,6,12,3,251.61632482283665,0,12,3,251.61632482283665,1,125.80816241141832,2,125.80816241141832
786,6,12,3,257.26885185512043,0,12,3,257.26885185512043,1,128.63442592756022,2,128.63442592756022
418,6,16,3,191.64684174946302,0,12,3,191.64684174946302,1,95.82342087473151,2,95.82342087473151
946,6,16,6,414.35854552488354,0,12,1,168.58888238746192,1,38.59039037497985,5,375.7681551499037
14,6,8,6,541.7749400059809,0,12,1,188.23299437350744,1,82.65447562948302,5,459.1204643764978
922,6,16,3,237.4135799259909,0,12,3,237.4135799259909,1,118.70678996299544,2,118.70678996299544
158,6,8,3,420.5758624874511,0,12,3,420.5758624874511,1,210.28793124372555,2,210.28793124372555
410,6,8,3,202.11289752183131,0,12,3,202.11289752183131,1,101.05644876091566,2,101.05644876091566
754,6,16,3,297.4478838601347,0,12,3,297.4478838601347,1,148.72394193006735,2,148.72394193006735
682,6,16,3,165.07887860026108,0,12,3,165.07887860026108,1,82.53943930013054,2,82.53943930013054
798,6,12,3,293.79400151160746,0,12,3,293.79400151160746,1,146.89700075580373,2,146.89700075580373
50,6,8,3,160.83161437931352,1,12,3,160.83161437931352,1,80.41580718965676,2,80.41580718965676
966,6,12,3,218.18211442018637,0,12,3,218.18211442018637,1,109.09105721009318,2,109.09105721009318
214,6,16,3,251.9429250777982,0,12,3,251.9429250777982,1,125.9714625388991,2,125.9714625388991
642,6,12,6,437.61473752556964,0,12,1,153.32895510482967,1,65.47841365795514,5,372.13632386761446
54,6,12,3,314.8542714517969,0,12,3,314.8542714517969,1,157.42713572589844,2,157.42713572589844
578,6,8,3,229.57238832102334,0,12,3,229.57238832102334,1,114.78619416051167,2,114.78619416051167
118,6,16,6,280.04784999740724,0,12,1,68.78282590014868,1,71.24109909855494,5,208.8067508988523
818,6,8,3,181.94049494772275,0,12,3,181.94049494772275,1,90.97024747386138,2,90.97024747386138
370,6,16,3,118.07878066183758,0,12,3,118.07878066183758,1,59.03939033091879,2,59.03939033091879
186,6,12,3,164.04808889344457,0,12,3,164.04808889344457,1,82.02404444672229,2,82.02404444672229
622,6,16,3,450.5905651869913,0,12,3,450.5905651869913,1,225.29528259349564,2,225.29528259349564
490,6,16,3,118.46560136110584,0,12,3,118.46560136110584,1,59.23280068055292,2,59.23280068055292
506,6,8,3,331.9418661028541,0,12,3,331.9418661028541,1,165.97093305142704,2,165.97093305142704
802,6,16,3,290.5926191244417,0,12,3,290.5926191244417,1,145.29630956222084,2,145.29630956222084
338,6,8,3,284.7832358344832,0,12,3,284.7832358344832,1,142.3916179172416,2,142.3916179172416
614,6,8,3,127.5872062108432,0,12,3,127.5872062108432,1,63.7936031054216,2,63.7936031054216
130,6,16,3,340.46049004588167,0,12,3,340.46049004588167,1,170.23024502294084,2,170.23024502294084
890,6,8,6,646.1269207497412,0,12,1,168.9268380236583,1,154.1366223512123,5,491.9902983985289
358,6,16,3,356.27075816941607,0,12,3,356.27075816941607,1,178.13537908470803,2,178.13537908470803
106,6,16,6,309.1411178189136,0,12,1,95.07437894300942,1,59.496179966447365,5,249.64493785246623
258,6,12,3,195.56183046717962,0,12,3,195.56183046717962,1,97.78091523358981,2,97.78091523358981
634,6,16,3,262.8692312579924,0,12,3,262.8692312579924,1,131.4346156289962,2,131.4346156289962
394,6,16,3,100.11624120339789,0,12,3,100.11624120339789,1,50.058120601698946,2,50.058120601698946
146,6,8,3,211.25663273703523,0,12,3,211.25663273703523,1,105.62831636851762,2,105.62831636851762
362,6,8,3,297.20056110409126,0,12,3,297.20056110409126,1,148.60028055204563,2,148.60028055204563
6,6,12,3,291.89679100717143,0,12,3,291.89679100717143,1,145.94839550358572,2,145.94839550358572
294,6,12,3,342.2761490085839,0,12,3,342.2761490085839,1,171.13807450429195,2,171.13807450429195
222,6,12,3,247.1964918501432,0,12,3,247.1964918501432,1,123.5982459250716,2,123.5982459250716
730,6,16,3,255.5271994318646,0,12,3,255.5271994318646,1,127.7635997159323,2,127.7635997159323
982,6,16,3,124.15888796670048,0,12,3,124.15888796670048,1,62.07944398335024,2,62.07944398335024
38,6,8,3,64.09552347039346,0,12,3,64.09552347039346,1,32.04776173519673,2,32.04776173519673
538,6,16,6,606.4170545671427,0,12,1,172.42175298768854,1,130.78677429588282,5,475.6302802712599
526,6,16,3,223.47462652549368,0,12,3,223.47462652549368,1,111.73731326274684,2,111.73731326274684
162,6,12,3,139.8768460647645,0,12,3,139.8768460647645,1,69.93842303238225,2,69.93842303238225
270,6,12,3,355.50116832586076,0,12,3,355.50116832586076,1,177.75058416293038,2,177.75058416293038
454,6,16,3,185.8886158352584,0,12,3,185.8886158352584,1,92.9443079176292,2,92.9443079176292
10,6,16,3,269.7705112874529,0,12,3,269.7705112874529,1,134.88525564372645,2,134.88525564372645
870,6,12,3,217.51197656912362,0,12,3,217.51197656912362,1,108.75598828456181,2,108.75598828456181
250,6,16,3,327.1207985427819,1,12,3,327.1207985427819,1,163.56039927139096,2,163.56039927139096
458,6,8,6,630.9101715855682,0,12,1,172.69576262537302,1,142.75932316741103,5,488.1508484181571
126,6,12,3,210.4382706542216,0,12,3,210.4382706542216,1,105.2191353271108,2,105.2191353271108
58,6,16,3,80.20709252323945,0,12,3,80.20709252323945,1,40.10354626161973,2,40.10354626161973
206,6,8,3,127.04312187645989,0,12,3,127.04312187645989,1,63.521560938229946,2,63.521560938229946
598,6,16,3,258.4512728211492,0,12,3,258.4512728211492,1,129.2256364105746,2,129.2256364105746
718,6,16,3,198.68408466225475,0,12,3,198.68408466225475,1,99.34204233112737,2,99.34204233112737
970,6,16,3,199.38561740274704,0,12,3,199.38561740274704,1,99.69280870137352,2,99.69280870137352
266,6,8,3,327.1731892013169,0,12,3,327.1731892013169,1,163.58659460065846,2,163.58659460065846
42,6,12,3,287.5803473332229,0,12,3,287.5803473332229,1,143.79017366661145,2,143.79017366661145
714,6,12,3,271.3667623760696,0,12,3,271.3667623760696,1,135.6833811880348,2,135.6833811880348
290,6,8,3,190.60427100327215,0,12,3,190.60427100327215,1,95.30213550163607,2,95.30213550163607
782,6,8,3,331.95357826109716,0,12,3,331.95357826109716,1,165.97678913054858,2,165.97678913054858
530,6,8,3,311.5939501555553,0,12,3,311.5939501555553,1,155.79697507777766,2,155.79697507777766
630,6,12,3,273.1039277961199,0,12,3,273.1039277961199,1,136.55196389805994,2,136.55196389805994
262,6,16,3,125.1504937429248,0,12,3,125.1504937429248,1,62.5752468714624,2,62.5752468714624
871,6,13,6,242.99981679751798,0,12,1,100.28786300146288,1,21.21204539729611,5,221.78777140022186
475,6,13,9,675.9218696868992,1,12,2,185.69720492690215,1,152.26372991654748,8,523.6581397703517
815,6,17,3,310.54088311588885,0,12,3,310.54088311588885,1,155.27044155794442,2,155.27044155794442
719,6,17,3,215.9117043528569,0,12,3,215.9117043528569,1,107.95585217642845,2,107.95585217642845
379,6,13,6,303.42957742745074,0,12,1,84.77634935811574,1,66.93843935560963,5,236.4911380718411
471,6,9,3,288.93410310726944,0,12,3,288.93410310726944,1,144.46705155363472,2,144.46705155363472
795,6,9,6,624.6205297230586,0,12,1,152.94932307900567,1,159.3609417825236,5,465.25958794053497
619,6,13,3,163.5722844225836,0,12,3,163.5722844225836,1,81.7861422112918,2,81.7861422112918
663,6,9,3,313.190745754081,0,12,3,313.190745754081,1,156.5953728770405,2,156.5953728770405
563,6,17,6,597.5309415378659,0,12,1,163.46908092157094,1,135.29638984736204,5,462.2345516905039
415,6,13,6,548.0924713447326,0,12,1,111.42702066975228,1,162.61921500261406,5,385.4732563421186
279,6,9,6,645.8786845554524,0,12,1,118.18389378852655,1,204.75544848919967,5,441.12323606625273
147,6,9,3,288.438650467814,0,12,3,288.438650467814,1,144.219325233907,2,144.219325233907
819,6,9,3,274.2410272791542,0,12,3,274.2410272791542,1,137.1205136395771,2,137.1205136395771
987,6,9,6,283.7039021565838,0,12,1,128.2260053602668,1,13.625945718025093,5,270.0779564385587
763,6,13,3,241.04271198132406,0,12,3,241.04271198132406,1,120.52135599066203,2,120.52135599066203
303,6,9,3,320.0388486209684,0,12,3,320.0388486209684,1,160.0194243104842,2,160.0194243104842
419,6,17,6,706.5410860028934,0,12,1,131.72289893194724,1,221.54764406949946,5,484.9934419333939
579,6,9,3,332.6876463205923,0,12,3,332.6876463205923,1,166.34382316029615,2,166.34382316029615
895,6,13,3,174.34541453186316,0,12,3,174.34541453186316,1,87.17270726593158,2,87.17270726593158
959,6,17,6,593.8334368227503,0,12,1,123.75061720607788,1,173.16610120529725,5,420.66733561745303
511,6,13,6,447.86681870832604,0,12,1,135.87097125084514,1,88.06243810331786,5,359.8043806050082
219,6,9,3,288.55805676549,0,12,3,288.55805676549,1,144.279028382745,2,144.279028382745
891,6,9,3,212.08790537817987,0,12,3,212.08790537817987,1,106.04395268908993,2,106.04395268908993
699,6,9,6,503.6338543268964,0,12,1,181.86147021886035,1,69.95545694458788,5,433.67839738230856
571,6,13,3,199.12444261704303,0,12,3,199.12444261704303,1,99.56222130852152,2,99.56222130852152
907,6,13,3,176.51959858619114,0,12,3,176.51959858619114,1,88.25979929309557,2,88.25979929309557
487,6,13,3,261.68493989938105,0,12,3,261.68493989938105,1,130.84246994969052,2,130.84246994969052
703,6,13,6,624.3839372012128,0,12,1,209.79226424042253,1,102.3997043601839,5,521.9842328410289
611,6,17,3,287.9917306968805,0,12,3,287.9917306968805,1,143.99586534844025,2,143.99586534844025
15,6,9,3,273.1099869800646,0,12,3,273.1099869800646,1,136.5549934900323,2,136.5549934900323
851,6,17,3,314.0986034308027,0,12,3,314.0986034308027,1,157.04930171540136,2,157.04930171540136
775,6,13,12,682.1996393239949,1,12,3,188.89211267075956,2,226.4006100298227,10,455.7990292941722
195,6,9,3,282.3548409323042,0,12,3,282.3548409323042,1,141.1774204661521,2,141.1774204661521
375,6,9,3,225.28866098175837,1,12,3,225.28866098175837,1,112.64433049087918,2,112.64433049087918
919,6,13,3,351.16530708919714,0,12,3,351.16530708919714,1,175.58265354459857,2,175.58265354459857
95,6,17,3,196.18212136325369,0,12,3,196.18212136325369,1,98.09106068162684,2,98.09106068162684
383,6,17,3,171.73920463696186,0,12,3,171.73920463696186,1,85.86960231848093,2,85.86960231848093
647,6,17,3,246.32072113952452,0,12,3,246.32072113952452,1,123.16036056976226,2,123.16036056976226
79,6,13,3,287.9274660663313,0,12,3,287.9274660663313,1,143.96373303316565,2,143.96373303316565
11,6,17,9,653.3362323967906,0,12,2,242.45064549494663,1,84.21747070344864,8,569.118761693342
407,6,17,3,191.9516255000332,0,12,3,191.9516255000332,1,95.9758127500166,2,95.9758127500166
7,6,13,3,143.27020883512114,0,12,3,143.27020883512114,1,71.63510441756057,2,71.63510441756057
315,6,9,3,367.1315305762041,0,12,3,367.1315305762041,1,183.56576528810206,2,183.56576528810206
731,6,17,3,214.13017607974388,0,12,3,214.13017607974388,1,107.06508803987194,2,107.06508803987194
823,6,13,6,459.0854495800188,0,12,1,70.73076929960698,1,158.81195549040243,5,300.2734940896164
507,6,9,3,250.24328548467685,0,12,3,250.24328548467685,1,125.12164274233842,2,125.12164274233842
899,6,17,3,284.8826453976848,0,12,3,284.8826453976848,1,142.4413226988424,2,142.4413226988424
623,6,17,3,139.29263667582438,0,12,3,139.29263667582438,1,69.64631833791219,2,69.64631833791219
391,6,13,6,483.8463820807375,0,12,1,102.76830448309533,1,139.15488655727341,5,344.6914955234641
319,6,13,6,526.0035631290676,0,12,1,150.57008794436092,1,112.43169362017291,5,413.57186950889474
831,6,9,3,282.5533513775077,0,12,3,282.5533513775077,1,141.27667568875384,2,141.27667568875384
827,6,17,3,295.708090132199,0,12,3,295.708090132199,1,147.8540450660995,2,147.8540450660995
615,6,9,3,392.56151215284444,0,12,3,392.56151215284444,1,196.28075607642222,2,196.28075607642222
103,6,13,3,244.39354389218056,0,12,3,244.39354389218056,1,122.19677194609028,2,122.19677194609028
659,6,17,3,365.40755367031744,0,12,3,365.40755367031744,1,182.70377683515872,2,182.70377683515872
395,6,17,3,309.42792293305456,0,12,3,309.42792293305456,1,154.71396146652728,2,154.71396146652728
355,6,13,3,336.39765178405986,0,12,3,336.39765178405986,1,168.19882589202993,2,168.19882589202993
359,6,17,3,185.79470298130343,0,12,3,185.79470298130343,1,92.89735149065172,2,92.89735149065172
951,6,9,3,194.1070394495811,0,12,3,194.1070394495811,1,97.05351972479055,2,97.05351972479055
143,6,17,3,351.08658152322306,0,12,3,351.08658152322306,1,175.54329076161153,2,175.54329076161153
603,6,9,3,220.7739681473492,0,12,3,220.7739681473492,1,110.3869840736746,2,110.3869840736746
127,6,13,3,237.52333994907414,0,12,3,237.52333994907414,1,118.76166997453707,2,118.76166997453707
267,6,9,3,318.6152787156411,0,12,3,318.6152787156411,1,159.30763935782056,2,159.30763935782056
295,6,13,3,398.0021882904625,0,12,3,398.0021882904625,1,199.00109414523126,2,199.00109414523126
523,6,13,6,229.65545679055106,0,12,1,67.22608443450378,1,47.60164396077175,5,182.0538128297793
199,6,13,3,117.87585106418028,0,12,3,117.87585106418028,1,58.93792553209014,2,58.93792553209014
187,6,13,3,280.0826674813876,0,12,3,280.0826674813876,1,140.0413337406938,2,140.0413337406938
363,6,9,3,168.4314158224397,0,12,3,168.4314158224397,1,84.21570791121985,2,84.21570791121985
887,6,17,3,187.95321267545145,0,12,3,187.95321267545145,1,93.97660633772573,2,93.97660633772573
747,6,9,3,204.35979828793825,0,12,3,204.35979828793825,1,102.17989914396912,2,102.17989914396912
963,6,9,3,226.7421557482708,0,12,3,226.7421557482708,1,113.3710778741354,2,113.3710778741354
439,6,13,3,173.95321255860313,0,12,3,173.95321255860313,1,86.97660627930156,2,86.97660627930156
343,6,13,6,435.3583232779086,0,12,1,75.09111913750806,1,142.58804250144624,5,292.77028077646236
583,6,13,6,549.2959116017821,0,12,1,166.68411657534546,1,107.96383922554563,5,441.3320723762365
119,6,17,3,290.6345454204409,0,12,3,290.6345454204409,1,145.31727271022044,2,145.31727271022044
39,6,9,6,553.4707980250391,0,12,1,133.378271599481,1,143.35712741303854,5,410.1136706120006
327,6,9,3,139.41277596569245,0,12,3,139.41277596569245,1,69.70638798284622,2,69.70638798284622
175,6,13,3,198.59109607710627,1,12,3,198.59109607710627,1,99.29554803855314,2,99.29554803855314
567,6,9,3,267.4508040813499,0,12,3,267.4508040813499,1,133.72540204067494,2,133.72540204067494
91,6,13,3,272.4494074512303,0,12,3,272.4494074512303,1,136.22470372561514,2,136.22470372561514
447,6,9,3,215.37774120375994,0,12,3,215.37774120375994,1,107.68887060187997,2,107.68887060187997
975,6,9,3,232.06593089764937,1,12,3,232.06593089764937,1,116.03296544882468,2,116.03296544882468
83,6,17,6,522.8358077885767,0,12,1,155.91554155041368,1,105.50236234387471,5,417.333445444702
535,6,13,3,339.9361413990027,0,12,3,339.9361413990027,1,169.96807069950134,2,169.96807069950134
955,6,13,3,112.68762820029693,0,12,3,112.68762820029693,1,56.343814100148464,2,56.343814100148464
63,6,9,3,203.81549446007386,0,12,3,203.81549446007386,1,101.90774723003693,2,101.90774723003693
839,6,17,3,193.64293807439438,0,12,3,193.64293807439438,1,96.82146903719719,2,96.82146903719719
903,6,9,3,194.96050627714666,0,12,3,194.96050627714666,1,97.48025313857333,2,97.48025313857333
811,6,13,3,233.45194148095536,0,12,3,233.45194148095536,1,116.72597074047768,2,116.72597074047768
331,6,13,3,232.65925408003994,0,12,3,232.65925408003994,1,116.32962704001997,2,116.32962704001997
23,6,17,3,280.2231776832605,0,12,3,280.2231776832605,1,140.11158884163024,2,140.11158884163024
515,6,17,3,242.28774213746752,0,12,3,242.28774213746752,1,121.14387106873376,2,121.14387106873376
607,6,13,3,233.37192681552864,0,12,3,233.37192681552864,1,116.68596340776432,2,116.68596340776432
739,6,13,3,210.14678542294422,0,12,3,210.14678542294422,1,105.07339271147211,2,105.07339271147211
551,6,17,3,299.94419339180024,0,12,3,299.94419339180024,1,149.97209669590012,2,149.97209669590012
99,6,9,3,182.61696400351374,0,12,3,182.61696400351374,1,91.30848200175687,2,91.30848200175687
503,6,17,3,324.9921207900096,0,12,3,324.9921207900096,1,162.4960603950048,2,162.4960603950048
27,6,9,3,150.4264084299085,0,12,3,150.4264084299085,1,75.21320421495425,2,75.21320421495425
675,6,9,3,363.0089248059233,1,12,3,363.0089248059233,1,181.50446240296165,2,181.50446240296165
591,6,9,3,319.6438868289823,0,12,3,319.6438868289823,1,159.82194341449116,2,159.82194341449116
427,6,13,3,181.38526469939046,0,12,3,181.38526469939046,1,90.69263234969523,2,90.69263234969523
587,6,17,3,289.4422968786896,0,12,3,289.4422968786896,1,144.7211484393448,2,144.7211484393448
939,6,9,3,134.15281652740015,0,12,3,134.15281652740015,1,67.07640826370007,2,67.07640826370007
299,6,17,3,94.07441008856506,0,12,3,94.07441008856506,1,47.03720504428253,2,47.03720504428253
323,6,17,3,179.6828328906659,0,12,3,179.6828328906659,1,89.84141644533295,2,89.84141644533295
643,6,13,3,315.26169503905726,0,12,3,315.26169503905726,1,157.63084751952863,2,157.63084751952863
35,6,17,6,427.17563640989715,0,12,1,137.61898951841596,1,75.9688286865326,5,351.20680772336453
159,6,9,3,369.8717249839236,0,12,3,369.8717249839236,1,184.9358624919618,2,184.9358624919618
